position,track_name,artist,streams,top_week,top_year,top_month,top_first_day,valence,release_year
3,I Fall Apart,Post Malone,6673907,1,2017,12,29,0.291,2016
25,Congratulations,Post Malone,4116779,1,2017,12,29,0.492,2016
36,goosebumps,Travis Scott,3323557,1,2017,12,29,0.442,2016
66,Go Flex,Post Malone,2263112,1,2017,12,29,0.127,2016
70,Redbone,Childish Gambino,2132516,1,2017,12,29,0.572,2016
81,White Iverson,Post Malone,1998000,1,2017,12,29,0.309,2016
83,Mi Gente,J Balvin,1979480,1,2017,12,29,0.469,2020
84,Closer,The Chainsmokers,1937933,1,2017,12,29,0.661,2016
89,That's What I Like,Bruno Mars,1888517,1,2017,12,29,0.86,2016
97,Say You Won't Let Go,James Arthur,1805636,1,2017,12,29,0.494,2016
98,What Ifs,Kane Brown,1798785,1,2017,12,29,0.687,2016
105,One Dance,Drake,1766161,1,2017,12,29,0.37,2016
135,No Role Modelz,J. Cole,1551632,1,2017,12,29,0.463,2014
138,Starboy,The Weeknd,1537914,1,2017,12,29,0.486,2016
162,No Option,Post Malone,1368644,1,2017,12,29,0.494,2016
167,PRBLMS,6LACK,1327614,1,2017,12,29,0.139,2016
168,Don't,Bryson Tiller,1318533,1,2017,12,29,0.189,2015
173,Exchange,Bryson Tiller,1298390,1,2017,12,29,0.276,2015
174,Money Longer,Lil Uzi Vert,1297934,1,2017,12,29,0.478,2016
178,No Problem,Chance the Rapper,1264882,1,2017,12,29,0.788,2016
179,Mayores,Becky G,1264291,1,2017,12,29,0.874,2019
181,Die For You,The Weeknd,1258634,1,2017,12,29,0.51,2016
184,Heartache On The Dance Floor,Jon Pardi,1252239,1,2017,12,29,0.618,2016
185,Swang,Rae Sremmurd,1247887,1,2017,12,29,0.166,2016
191,pick up the phone,Young Thug,1224640,1,2017,12,29,0.459,2016
200,Ex Calling,6LACK,1196048,1,2017,12,29,0.0588,2016
5,I Fall Apart,Post Malone,6971450,2,2018,01,05,0.291,2016
30,Congratulations,Post Malone,4113995,2,2018,01,05,0.492,2016
42,goosebumps,Travis Scott,3327102,2,2018,01,05,0.442,2016
69,Go Flex,Post Malone,2341546,2,2018,01,05,0.127,2016
91,White Iverson,Post Malone,2016953,2,2018,01,05,0.309,2016
101,That's What I Like,Bruno Mars,1904034,2,2018,01,05,0.86,2016
105,Say You Won't Let Go,James Arthur,1850900,2,2018,01,05,0.494,2016
108,What Ifs,Kane Brown,1813165,2,2018,01,05,0.687,2016
115,Mi Gente,J Balvin,1780184,2,2018,01,05,0.469,2020
137,No Role Modelz,J. Cole,1592429,2,2018,01,05,0.463,2014
146,Closer,The Chainsmokers,1522209,2,2018,01,05,0.661,2016
155,Starboy,The Weeknd,1448094,2,2018,01,05,0.486,2016
159,PRBLMS,6LACK,1431986,2,2018,01,05,0.139,2016
164,Die For You,The Weeknd,1410265,2,2018,01,05,0.51,2016
165,Don't,Bryson Tiller,1405568,2,2018,01,05,0.189,2015
172,Broccoli,Shelley FKA DRAM,1357126,2,2018,01,05,0.708,2016
176,Money Longer,Lil Uzi Vert,1343948,2,2018,01,05,0.478,2016
177,Exchange,Bryson Tiller,1343059,2,2018,01,05,0.276,2015
181,One Dance,Drake,1334327,2,2018,01,05,0.37,2016
185,X,21 Savage,1317977,2,2018,01,05,0.111,2016
187,Heartache On The Dance Floor,Jon Pardi,1308623,2,2018,01,05,0.618,2016
191,Mayores,Becky G,1300513,2,2018,01,05,0.874,2019
198,pick up the phone,Young Thug,1270760,2,2018,01,05,0.459,2016
6,I Fall Apart,Post Malone,6657315,3,2018,01,12,0.291,2016
32,Congratulations,Post Malone,4058217,3,2018,01,12,0.492,2016
48,goosebumps,Travis Scott,3185587,3,2018,01,12,0.442,2016
74,Go Flex,Post Malone,2293803,3,2018,01,12,0.127,2016
86,Redbone,Childish Gambino,2056061,3,2018,01,12,0.572,2016
91,White Iverson,Post Malone,1982923,3,2018,01,12,0.309,2016
107,Say You Won't Let Go,James Arthur,1812221,3,2018,01,12,0.494,2016
110,What Ifs,Kane Brown,1803188,3,2018,01,12,0.687,2016
116,That's What I Like,Bruno Mars,1775223,3,2018,01,12,0.86,2016
128,Mi Gente,J Balvin,1691375,3,2018,01,12,0.469,2020
141,No Role Modelz,J. Cole,1593263,3,2018,01,12,0.463,2014
152,Closer,The Chainsmokers,1505749,3,2018,01,12,0.661,2016
160,Die For You,The Weeknd,1455811,3,2018,01,12,0.51,2016
164,Don't,Bryson Tiller,1436247,3,2018,01,12,0.189,2015
166,Starboy,The Weeknd,1432159,3,2018,01,12,0.486,2016
173,PRBLMS,6LACK,1406540,3,2018,01,12,0.139,2016
177,X,21 Savage,1389072,3,2018,01,12,0.111,2016
180,No Option,Post Malone,1380908,3,2018,01,12,0.494,2016
183,Exchange,Bryson Tiller,1372209,3,2018,01,12,0.276,2015
186,Money Longer,Lil Uzi Vert,1367482,3,2018,01,12,0.478,2016
194,One Dance,Drake,1332772,3,2018,01,12,0.37,2016
6,I Fall Apart,Post Malone,6557861,4,2018,01,19,0.291,2016
29,Congratulations,Post Malone,4142267,4,2018,01,19,0.492,2016
52,goosebumps,Travis Scott,3125168,4,2018,01,19,0.442,2016
80,Go Flex,Post Malone,2304879,4,2018,01,19,0.127,2016
89,Redbone,Childish Gambino,2077538,4,2018,01,19,0.572,2016
99,White Iverson,Post Malone,1976456,4,2018,01,19,0.309,2016
110,Say You Won't Let Go,James Arthur,1847593,4,2018,01,19,0.494,2016
111,What Ifs,Kane Brown,1811979,4,2018,01,19,0.687,2016
120,That's What I Like,Bruno Mars,1758419,4,2018,01,19,0.86,2016
129,No Role Modelz,J. Cole,1670716,4,2018,01,19,0.463,2014
144,Mi Gente,J Balvin,1580818,4,2018,01,19,0.469,2020
152,One Dance,Drake,1510451,4,2018,01,19,0.37,2016
153,Closer,The Chainsmokers,1509558,4,2018,01,19,0.661,2016
160,Don't,Bryson Tiller,1501241,4,2018,01,19,0.189,2015
164,Die For You,The Weeknd,1479123,4,2018,01,19,0.51,2016
177,'Till I Collapse,Eminem,1407116,4,2018,01,19,0.1,2002
178,Starboy,The Weeknd,1405718,4,2018,01,19,0.486,2016
179,Heartache On The Dance Floor,Jon Pardi,1399255,4,2018,01,19,0.618,2016
181,X,21 Savage,1397926,4,2018,01,19,0.111,2016
182,Broccoli,Shelley FKA DRAM,1390303,4,2018,01,19,0.708,2016
190,No Option,Post Malone,1369940,4,2018,01,19,0.494,2016
191,Money Longer,Lil Uzi Vert,1369576,4,2018,01,19,0.478,2016
198,pick up the phone,Young Thug,1328365,4,2018,01,19,0.459,2016
7,I Fall Apart,Post Malone,6547244,5,2018,01,26,0.291,2016
41,Congratulations,Post Malone,4032900,5,2018,01,26,0.492,2016
79,Redbone,Childish Gambino,2550753,5,2018,01,26,0.572,2016
105,That's What I Like,Bruno Mars,2027431,5,2018,01,26,0.86,2016
116,What Ifs,Kane Brown,1943763,5,2018,01,26,0.687,2016
130,Say You Won't Let Go,James Arthur,1825617,5,2018,01,26,0.494,2016
153,No Role Modelz,J. Cole,1684035,5,2018,01,26,0.463,2014
168,One Dance,Drake,1546361,5,2018,01,26,0.37,2016
170,PRBLMS,6LACK,1532444,5,2018,01,26,0.139,2016
173,Mi Gente,J Balvin,1508737,5,2018,01,26,0.469,2020
174,Closer,The Chainsmokers,1490649,5,2018,01,26,0.661,2016
175,Don't,Bryson Tiller,1490232,5,2018,01,26,0.189,2015
179,Die For You,The Weeknd,1458519,5,2018,01,26,0.51,2016
184,Exchange,Bryson Tiller,1445329,5,2018,01,26,0.276,2015
186,Starboy,The Weeknd,1436624,5,2018,01,26,0.486,2016
191,Money Longer,Lil Uzi Vert,1412908,5,2018,01,26,0.478,2016
194,'Till I Collapse,Eminem,1396788,5,2018,01,26,0.1,2002
197,X,21 Savage,1393093,5,2018,01,26,0.111,2016
9,I Fall Apart,Post Malone,6669431,6,2018,02,02,0.291,2016
34,Congratulations,Post Malone,3800805,6,2018,02,02,0.492,2016
57,goosebumps,Travis Scott,2941731,6,2018,02,02,0.442,2016
78,Redbone,Childish Gambino,2367094,6,2018,02,02,0.572,2016
84,Go Flex,Post Malone,2195769,6,2018,02,02,0.127,2016
95,What Ifs,Kane Brown,1949667,6,2018,02,02,0.687,2016
99,White Iverson,Post Malone,1869038,6,2018,02,02,0.309,2016
108,Say You Won't Let Go,James Arthur,1795802,6,2018,02,02,0.494,2016
112,That's What I Like,Bruno Mars,1777787,6,2018,02,02,0.86,2016
130,No Role Modelz,J. Cole,1677675,6,2018,02,02,0.463,2014
141,Dreams and Nightmares,Meek Mill,1621023,6,2018,02,02,0.44,2012
160,Don't,Bryson Tiller,1476424,6,2018,02,02,0.189,2015
162,Mi Gente,J Balvin,1465761,6,2018,02,02,0.469,2020
163,PRBLMS,6LACK,1461717,6,2018,02,02,0.139,2016
165,Die For You,The Weeknd,1450830,6,2018,02,02,0.51,2016
166,One Dance,Drake,1447555,6,2018,02,02,0.37,2016
167,Closer,The Chainsmokers,1445168,6,2018,02,02,0.661,2016
174,Starboy,The Weeknd,1430001,6,2018,02,02,0.486,2016
175,Exchange,Bryson Tiller,1424888,6,2018,02,02,0.276,2015
181,Money Longer,Lil Uzi Vert,1368376,6,2018,02,02,0.478,2016
182,'Till I Collapse,Eminem,1366678,6,2018,02,02,0.1,2002
11,I Fall Apart,Post Malone,6486800,7,2018,02,09,0.291,2016
43,Congratulations,Post Malone,3588450,7,2018,02,09,0.492,2016
64,goosebumps,Travis Scott,2850923,7,2018,02,09,0.442,2016
115,White Iverson,Post Malone,1809824,7,2018,02,09,0.309,2016
122,That's What I Like,Bruno Mars,1738219,7,2018,02,09,0.86,2016
131,What Ifs,Kane Brown,1695514,7,2018,02,09,0.687,2016
132,No Role Modelz,J. Cole,1694076,7,2018,02,09,0.463,2014
152,One Dance,Drake,1570585,7,2018,02,09,0.37,2016
162,Die For You,The Weeknd,1512620,7,2018,02,09,0.51,2016
173,Don't,Bryson Tiller,1462048,7,2018,02,09,0.189,2015
176,Closer,The Chainsmokers,1432441,7,2018,02,09,0.661,2016
178,Starboy,The Weeknd,1419386,7,2018,02,09,0.486,2016
184,Exchange,Bryson Tiller,1395240,7,2018,02,09,0.276,2015
188,Mi Gente,J Balvin,1385595,7,2018,02,09,0.469,2020
189,'Till I Collapse,Eminem,1382135,7,2018,02,09,0.1,2002
193,PRBLMS,6LACK,1368734,7,2018,02,09,0.139,2016
195,Money Longer,Lil Uzi Vert,1365915,7,2018,02,09,0.478,2016
198,Dreams and Nightmares,Meek Mill,1359527,7,2018,02,09,0.44,2012
10,I Fall Apart,Post Malone,6368860,8,2018,02,16,0.291,2016
40,Congratulations,Post Malone,3579352,8,2018,02,16,0.492,2016
63,goosebumps,Travis Scott,2756139,8,2018,02,16,0.442,2016
95,Redbone,Childish Gambino,2095384,8,2018,02,16,0.572,2016
99,Go Flex,Post Malone,2039255,8,2018,02,16,0.127,2016
113,Say You Won't Let Go,James Arthur,1826457,8,2018,02,16,0.494,2016
114,White Iverson,Post Malone,1803598,8,2018,02,16,0.309,2016
124,No Role Modelz,J. Cole,1695858,8,2018,02,16,0.463,2014
129,One Dance,Drake,1675061,8,2018,02,16,0.37,2016
133,That's What I Like,Bruno Mars,1643806,8,2018,02,16,0.86,2016
148,What Ifs,Kane Brown,1549702,8,2018,02,16,0.687,2016
158,Closer,The Chainsmokers,1498301,8,2018,02,16,0.661,2016
167,Die For You,The Weeknd,1464968,8,2018,02,16,0.51,2016
169,Do I Make You Wanna,Billy Currington,1453779,8,2018,02,16,0.521,2015
179,Starboy,The Weeknd,1410867,8,2018,02,16,0.486,2016
182,Don't,Bryson Tiller,1401877,8,2018,02,16,0.189,2015
187,PRBLMS,6LACK,1372575,8,2018,02,16,0.139,2016
194,'Till I Collapse,Eminem,1349993,8,2018,02,16,0.1,2002
196,Exchange,Bryson Tiller,1343614,8,2018,02,16,0.276,2015
13,I Fall Apart,Post Malone,6910639,9,2018,02,23,0.291,2016
34,Congratulations,Post Malone,3975393,9,2018,02,23,0.492,2016
68,goosebumps,Travis Scott,2721966,9,2018,02,23,0.442,2016
77,Go Flex,Post Malone,2500707,9,2018,02,23,0.127,2016
99,Redbone,Childish Gambino,2113510,9,2018,02,23,0.572,2016
124,No Role Modelz,J. Cole,1732336,9,2018,02,23,0.463,2014
140,One Dance,Drake,1633894,9,2018,02,23,0.37,2016
148,That's What I Like,Bruno Mars,1581022,9,2018,02,23,0.86,2016
149,What Ifs,Kane Brown,1577555,9,2018,02,23,0.687,2016
150,No Option,Post Malone,1570573,9,2018,02,23,0.494,2016
168,Heartache On The Dance Floor,Jon Pardi,1477843,9,2018,02,23,0.618,2016
170,Die For You,The Weeknd,1472055,9,2018,02,23,0.51,2016
181,Starboy,The Weeknd,1411403,9,2018,02,23,0.486,2016
187,PRBLMS,6LACK,1397482,9,2018,02,23,0.139,2016
189,Exchange,Bryson Tiller,1394167,9,2018,02,23,0.276,2015
190,Don't,Bryson Tiller,1393744,9,2018,02,23,0.189,2015
199,Deja Vu,Post Malone,1330283,9,2018,02,23,0.331,2016
200,Mi Gente,J Balvin,1314514,9,2018,02,23,0.469,2020
13,I Fall Apart,Post Malone,6527937,10,2018,03,02,0.291,2016
37,Congratulations,Post Malone,3761824,10,2018,03,02,0.492,2016
67,goosebumps,Travis Scott,2649790,10,2018,03,02,0.442,2016
88,Go Flex,Post Malone,2273652,10,2018,03,02,0.127,2016
92,X,Nicky Jam,2195026,10,2018,03,02,0.694,2019
96,Redbone,Childish Gambino,2153274,10,2018,03,02,0.572,2016
111,White Iverson,Post Malone,1978095,10,2018,03,02,0.309,2016
120,Say You Won't Let Go,James Arthur,1764073,10,2018,03,02,0.494,2016
130,No Role Modelz,J. Cole,1682371,10,2018,03,02,0.463,2014
139,One Dance,Drake,1600985,10,2018,03,02,0.37,2016
143,What Ifs,Kane Brown,1567815,10,2018,03,02,0.687,2016
149,That's What I Like,Bruno Mars,1529709,10,2018,03,02,0.86,2016
174,Closer,The Chainsmokers,1421867,10,2018,03,02,0.661,2016
176,Exchange,Bryson Tiller,1412335,10,2018,03,02,0.276,2015
184,Don't,Bryson Tiller,1381394,10,2018,03,02,0.189,2015
188,Starboy,The Weeknd,1363314,10,2018,03,02,0.486,2016
190,PRBLMS,6LACK,1357323,10,2018,03,02,0.139,2016
15,I Fall Apart,Post Malone,6187465,11,2018,03,09,0.291,2016
46,Congratulations,Post Malone,3521549,11,2018,03,09,0.492,2016
77,goosebumps,Travis Scott,2540841,11,2018,03,09,0.442,2016
103,Go Flex,Post Malone,2093259,11,2018,03,09,0.127,2016
112,Redbone,Childish Gambino,2027373,11,2018,03,09,0.572,2016
113,X,Nicky Jam,2022362,11,2018,03,09,0.694,2019
129,White Iverson,Post Malone,1841679,11,2018,03,09,0.309,2016
141,Say You Won't Let Go,James Arthur,1699941,11,2018,03,09,0.494,2016
149,No Role Modelz,J. Cole,1646472,11,2018,03,09,0.463,2014
161,One Dance,Drake,1555014,11,2018,03,09,0.37,2016
162,What Ifs,Kane Brown,1545128,11,2018,03,09,0.687,2016
167,That's What I Like,Bruno Mars,1512588,11,2018,03,09,0.86,2016
177,Closer,The Chainsmokers,1415737,11,2018,03,09,0.661,2016
197,Africa,TOTO,1328102,11,2018,03,09,0.732,1982
200,Starboy,The Weeknd,1318977,11,2018,03,09,0.486,2016
20,I Fall Apart,Post Malone,5384219,12,2018,03,16,0.291,2016
46,Congratulations,Post Malone,3348139,12,2018,03,16,0.492,2016
67,X,Nicky Jam,2810756,12,2018,03,16,0.694,2019
85,goosebumps,Travis Scott,2501438,12,2018,03,16,0.442,2016
117,Go Flex,Post Malone,1969292,12,2018,03,16,0.127,2016
128,Redbone,Childish Gambino,1876127,12,2018,03,16,0.572,2016
139,White Iverson,Post Malone,1754360,12,2018,03,16,0.309,2016
153,Say You Won't Let Go,James Arthur,1652874,12,2018,03,16,0.494,2016
160,No Role Modelz,J. Cole,1592959,12,2018,03,16,0.463,2014
178,Do I Make You Wanna,Billy Currington,1453603,12,2018,03,16,0.521,2015
183,That's What I Like,Bruno Mars,1429453,12,2018,03,16,0.86,2016
198,Closer,The Chainsmokers,1378977,12,2018,03,16,0.661,2016
19,I Fall Apart,Post Malone,5127917,13,2018,03,23,0.291,2016
42,Congratulations,Post Malone,3320935,13,2018,03,23,0.492,2016
44,X,Nicky Jam,3310659,13,2018,03,23,0.694,2019
81,goosebumps,Travis Scott,2420978,13,2018,03,23,0.442,2016
112,Go Flex,Post Malone,1936630,13,2018,03,23,0.127,2016
120,Redbone,Childish Gambino,1821960,13,2018,03,23,0.572,2016
138,Say You Won't Let Go,James Arthur,1647953,13,2018,03,23,0.494,2016
147,No Role Modelz,J. Cole,1596074,13,2018,03,23,0.463,2014
154,One Dance,Drake,1549923,13,2018,03,23,0.37,2016
167,What Ifs,Kane Brown,1462629,13,2018,03,23,0.687,2016
172,That's What I Like,Bruno Mars,1434380,13,2018,03,23,0.86,2016
182,Me Niego,Reik,1399870,13,2018,03,23,0.773,2019
187,Closer,The Chainsmokers,1376989,13,2018,03,23,0.661,2016
190,Africa,TOTO,1367649,13,2018,03,23,0.732,1982
26,I Fall Apart,Post Malone,4814121,14,2018,03,30,0.291,2016
40,X,Nicky Jam,3443592,14,2018,03,30,0.694,2019
48,Congratulations,Post Malone,3122192,14,2018,03,30,0.492,2016
77,goosebumps,Travis Scott,2445801,14,2018,03,30,0.442,2016
117,Go Flex,Post Malone,1841656,14,2018,03,30,0.127,2016
122,Redbone,Childish Gambino,1806498,14,2018,03,30,0.572,2016
135,White Iverson,Post Malone,1663490,14,2018,03,30,0.309,2016
141,Starboy,The Weeknd,1633620,14,2018,03,30,0.486,2016
151,Say You Won't Let Go,James Arthur,1579038,14,2018,03,30,0.494,2016
164,What Ifs,Kane Brown,1485636,14,2018,03,30,0.687,2016
167,One Dance,Drake,1475152,14,2018,03,30,0.37,2016
183,That's What I Like,Bruno Mars,1394365,14,2018,03,30,0.86,2016
186,Die For You,The Weeknd,1372709,14,2018,03,30,0.51,2016
190,Africa,TOTO,1358389,14,2018,03,30,0.732,1982
192,Closer,The Chainsmokers,1349183,14,2018,03,30,0.661,2016
199,Don't,Bryson Tiller,1319298,14,2018,03,30,0.189,2015
33,I Fall Apart,Post Malone,4843865,15,2018,04,06,0.291,2016
54,X,Nicky Jam,3192126,15,2018,04,06,0.694,2019
61,Congratulations,Post Malone,3027166,15,2018,04,06,0.492,2016
83,goosebumps,Travis Scott,2405715,15,2018,04,06,0.442,2016
118,Go Flex,Post Malone,1872402,15,2018,04,06,0.127,2016
132,Redbone,Childish Gambino,1686459,15,2018,04,06,0.572,2016
144,One Dance,Drake,1595248,15,2018,04,06,0.37,2016
152,Say You Won't Let Go,James Arthur,1567706,15,2018,04,06,0.494,2016
154,No Role Modelz,J. Cole,1560238,15,2018,04,06,0.463,2014
175,What Ifs,Kane Brown,1421524,15,2018,04,06,0.687,2016
184,Starboy,The Weeknd,1397555,15,2018,04,06,0.486,2016
193,Mr. Brightside,The Killers,1344303,15,2018,04,06,0.232,2004
196,That's What I Like,Bruno Mars,1341045,15,2018,04,06,0.86,2016
197,Closer,The Chainsmokers,1335627,15,2018,04,06,0.661,2016
26,I Fall Apart,Post Malone,4778198,16,2018,04,13,0.291,2016
53,X,Nicky Jam,3206919,16,2018,04,13,0.694,2019
59,Congratulations,Post Malone,2951187,16,2018,04,13,0.492,2016
91,goosebumps,Travis Scott,2360329,16,2018,04,13,0.442,2016
123,Go Flex,Post Malone,1893351,16,2018,04,13,0.127,2016
137,White Iverson,Post Malone,1718819,16,2018,04,13,0.309,2016
146,No Role Modelz,J. Cole,1660855,16,2018,04,13,0.463,2014
152,One Dance,Drake,1609011,16,2018,04,13,0.37,2016
169,Say You Won't Let Go,James Arthur,1510019,16,2018,04,13,0.494,2016
172,Do I Make You Wanna,Billy Currington,1479831,16,2018,04,13,0.521,2015
176,What Ifs,Kane Brown,1468643,16,2018,04,13,0.687,2016
189,Africa,TOTO,1399615,16,2018,04,13,0.732,1982
190,Starboy,The Weeknd,1395993,16,2018,04,13,0.486,2016
24,Intro,J. Cole,6597743,17,2018,04,20,0.119,2014
38,I Fall Apart,Post Malone,4637485,17,2018,04,20,0.291,2016
54,Levels - Radio Edit,Avicii,3323964,17,2018,04,20,0.464,2011
61,X,Nicky Jam,3059052,17,2018,04,20,0.694,2019
67,Congratulations,Post Malone,2956503,17,2018,04,20,0.492,2016
79,Waiting For Love,Avicii,2736246,17,2018,04,20,0.613,2015
99,No Role Modelz,J. Cole,2480726,17,2018,04,20,0.463,2014
133,The Nights,Avicii,1973199,17,2018,04,20,0.654,2014
139,Go Flex,Post Malone,1888337,17,2018,04,20,0.127,2016
155,Redbone,Childish Gambino,1728761,17,2018,04,20,0.572,2016
156,White Iverson,Post Malone,1721218,17,2018,04,20,0.309,2016
177,Wet Dreamz,J. Cole,1616507,17,2018,04,20,0.584,2014
187,One Dance,Drake,1559525,17,2018,04,20,0.37,2016
198,Say You Won't Let Go,James Arthur,1483718,17,2018,04,20,0.494,2016
39,I Fall Apart,Post Malone,5039408,18,2018,04,27,0.291,2016
59,Congratulations,Post Malone,3203130,18,2018,04,27,0.492,2016
83,X,Nicky Jam,2665285,18,2018,04,27,0.694,2019
91,goosebumps,Travis Scott,2560720,18,2018,04,27,0.442,2016
117,Go Flex,Post Malone,2139123,18,2018,04,27,0.127,2016
131,No Role Modelz,J. Cole,1939253,18,2018,04,27,0.463,2014
133,White Iverson,Post Malone,1917851,18,2018,04,27,0.309,2016
159,Intro,J. Cole,1687103,18,2018,04,27,0.119,2014
171,Redbone,Childish Gambino,1602579,18,2018,04,27,0.572,2016
178,One Dance,Drake,1553443,18,2018,04,27,0.37,2016
183,What Ifs,Kane Brown,1525342,18,2018,04,27,0.687,2016
189,Say You Won't Let Go,James Arthur,1498500,18,2018,04,27,0.494,2016
192,No Option,Post Malone,1473914,18,2018,04,27,0.494,2016
38,I Fall Apart,Post Malone,4479314,19,2018,05,04,0.291,2016
67,Congratulations,Post Malone,2806833,19,2018,05,04,0.492,2016
77,goosebumps,Travis Scott,2562761,19,2018,05,04,0.442,2016
84,X,Nicky Jam,2493064,19,2018,05,04,0.694,2019
94,Redbone,Childish Gambino,2366599,19,2018,05,04,0.572,2016
112,Genius,Sia,2109607,19,2018,05,04,0.561,2019
129,No Role Modelz,J. Cole,1866421,19,2018,05,04,0.463,2014
134,Go Flex,Post Malone,1827604,19,2018,05,04,0.127,2016
155,White Iverson,Post Malone,1719680,19,2018,05,04,0.309,2016
172,One Dance,Drake,1585704,19,2018,05,04,0.37,2016
187,Say You Won't Let Go,James Arthur,1537271,19,2018,05,04,0.494,2016
200,Africa,TOTO,1475806,19,2018,05,04,0.732,1982
37,I Fall Apart,Post Malone,4289264,20,2018,05,11,0.291,2016
80,Redbone,Childish Gambino,2464438,20,2018,05,11,0.572,2016
84,goosebumps,Travis Scott,2439717,20,2018,05,11,0.442,2016
95,X,Nicky Jam,2298111,20,2018,05,11,0.694,2019
138,No Role Modelz,J. Cole,1785049,20,2018,05,11,0.463,2014
139,Go Flex,Post Malone,1763264,20,2018,05,11,0.127,2016
153,White Iverson,Post Malone,1687228,20,2018,05,11,0.309,2016
156,Genius,Sia,1657638,20,2018,05,11,0.561,2019
177,One Dance,Drake,1539211,20,2018,05,11,0.37,2016
182,What Ifs,Kane Brown,1509789,20,2018,05,11,0.687,2016
183,Africa,TOTO,1502523,20,2018,05,11,0.732,1982
187,Say You Won't Let Go,James Arthur,1491668,20,2018,05,11,0.494,2016
198,3005,Childish Gambino,1463381,20,2018,05,11,0.636,2013
37,I Fall Apart,Post Malone,4172726,21,2018,05,18,0.291,2016
66,Congratulations,Post Malone,2729572,21,2018,05,18,0.492,2016
79,goosebumps,Travis Scott,2377752,21,2018,05,18,0.442,2016
86,X,Nicky Jam,2278125,21,2018,05,18,0.694,2019
108,Redbone,Childish Gambino,2060544,21,2018,05,18,0.572,2016
148,No Role Modelz,J. Cole,1756399,21,2018,05,18,0.463,2014
153,Go Flex,Post Malone,1716245,21,2018,05,18,0.127,2016
159,White Iverson,Post Malone,1651737,21,2018,05,18,0.309,2016
170,The Night We Met,Lord Huron,1593813,21,2018,05,18,0.1,2015
182,What Ifs,Kane Brown,1524610,21,2018,05,18,0.687,2016
183,One Dance,Drake,1520194,21,2018,05,18,0.37,2016
184,Africa,TOTO,1516825,21,2018,05,18,0.732,1982
196,Genius,Sia,1444394,21,2018,05,18,0.561,2019
198,Say You Won't Let Go,James Arthur,1438864,21,2018,05,18,0.494,2016
34,I Fall Apart,Post Malone,4022026,22,2018,05,25,0.291,2016
73,Congratulations,Post Malone,2622504,22,2018,05,25,0.492,2016
87,X,Nicky Jam,2356754,22,2018,05,25,0.694,2019
89,goosebumps,Travis Scott,2345027,22,2018,05,25,0.442,2016
140,Redbone,Childish Gambino,1865693,22,2018,05,25,0.572,2016
151,The Night We Met,Lord Huron,1767464,22,2018,05,25,0.1,2015
160,No Role Modelz,J. Cole,1734997,22,2018,05,25,0.463,2014
172,Africa,TOTO,1647089,22,2018,05,25,0.732,1982
174,Go Flex,Post Malone,1633449,22,2018,05,25,0.127,2016
182,White Iverson,Post Malone,1600061,22,2018,05,25,0.309,2016
186,One Dance,Drake,1579629,22,2018,05,25,0.37,2016
39,I Fall Apart,Post Malone,4104481,23,2018,06,01,0.291,2016
71,Congratulations,Post Malone,2692422,23,2018,06,01,0.492,2016
74,Simple,Florida Georgia Line,2584447,23,2018,06,01,0.864,2019
93,X,Nicky Jam,2244447,23,2018,06,01,0.694,2019
132,Redbone,Childish Gambino,1844276,23,2018,06,01,0.572,2016
150,No Role Modelz,J. Cole,1734659,23,2018,06,01,0.463,2014
155,The Night We Met,Lord Huron,1705602,23,2018,06,01,0.1,2015
162,Go Flex,Post Malone,1666799,23,2018,06,01,0.127,2016
163,Africa,TOTO,1655420,23,2018,06,01,0.732,1982
165,White Iverson,Post Malone,1635446,23,2018,06,01,0.309,2016
179,What Ifs,Kane Brown,1514194,23,2018,06,01,0.687,2016
188,ocean eyes,Billie Eilish,1447749,23,2018,06,01,0.157,2016
191,One Dance,Drake,1423359,23,2018,06,01,0.37,2016
198,Say You Won't Let Go,James Arthur,1406439,23,2018,06,01,0.494,2016
38,I Fall Apart,Post Malone,4135021,24,2018,06,08,0.291,2016
73,Congratulations,Post Malone,2642822,24,2018,06,08,0.492,2016
78,Simple,Florida Georgia Line,2518290,24,2018,06,08,0.864,2019
91,goosebumps,Travis Scott,2281922,24,2018,06,08,0.442,2016
97,X,Nicky Jam,2192480,24,2018,06,08,0.694,2019
140,ocean eyes,Billie Eilish,1743367,24,2018,06,08,0.157,2016
142,Redbone,Childish Gambino,1735369,24,2018,06,08,0.572,2016
157,Africa,TOTO,1654725,24,2018,06,08,0.732,1982
158,Go Flex,Post Malone,1652359,24,2018,06,08,0.127,2016
162,White Iverson,Post Malone,1637925,24,2018,06,08,0.309,2016
164,No Role Modelz,J. Cole,1611095,24,2018,06,08,0.463,2014
172,The Night We Met,Lord Huron,1545886,24,2018,06,08,0.1,2015
179,What Ifs,Kane Brown,1493677,24,2018,06,08,0.687,2016
40,I Fall Apart,Post Malone,3795806,25,2018,06,15,0.291,2016
59,Simple,Florida Georgia Line,3003046,25,2018,06,15,0.864,2019
78,Congratulations,Post Malone,2497965,25,2018,06,15,0.492,2016
101,X,Nicky Jam,2175518,25,2018,06,15,0.694,2019
108,goosebumps,Travis Scott,2115513,25,2018,06,15,0.442,2016
128,ocean eyes,Billie Eilish,1908148,25,2018,06,15,0.157,2016
182,Africa,TOTO,1574791,25,2018,06,15,0.732,1982
183,Redbone,Childish Gambino,1570426,25,2018,06,15,0.572,2016
186,Go Flex,Post Malone,1559815,25,2018,06,15,0.127,2016
39,I Fall Apart,Post Malone,3656614,26,2018,06,22,0.291,2016
56,Simple,Florida Georgia Line,3057403,26,2018,06,22,0.864,2019
85,Congratulations,Post Malone,2384717,26,2018,06,22,0.492,2016
106,ocean eyes,Billie Eilish,2119580,26,2018,06,22,0.157,2016
110,goosebumps,Travis Scott,2095948,26,2018,06,22,0.442,2016
111,X,Nicky Jam,2083463,26,2018,06,22,0.694,2019
189,Redbone,Childish Gambino,1515565,26,2018,06,22,0.572,2016
193,Go Flex,Post Malone,1496955,26,2018,06,22,0.127,2016
194,White Iverson,Post Malone,1490698,26,2018,06,22,0.309,2016
62,I Fall Apart,Post Malone,3234732,27,2018,06,29,0.291,2016
77,Simple,Florida Georgia Line,2607085,27,2018,06,29,0.864,2019
99,Congratulations,Post Malone,2195778,27,2018,06,29,0.492,2016
115,X,Nicky Jam,1999698,27,2018,06,29,0.694,2019
118,goosebumps,Travis Scott,1992985,27,2018,06,29,0.442,2016
124,One Dance,Drake,1944466,27,2018,06,29,0.37,2016
126,ocean eyes,Billie Eilish,1922732,27,2018,06,29,0.157,2016
127,Party In The U.S.A.,Miley Cyrus,1915774,27,2018,06,29,0.47,2009
142,Closer,The Chainsmokers,1776524,27,2018,06,29,0.661,2016
146,That's What I Like,Bruno Mars,1740540,27,2018,06,29,0.86,2016
156,September,"Earth, Wind & Fire",1684232,27,2018,06,29,0.979,1978
173,Mr. Brightside,The Killers,1552677,27,2018,06,29,0.232,2004
185,Africa,TOTO,1474607,27,2018,06,29,0.732,1982
191,Redbone,Childish Gambino,1419703,27,2018,06,29,0.572,2016
199,X,Nicky Jam,1402719,27,2018,06,29,0.694,2019
70,Simple,Florida Georgia Line,2819845,28,2018,07,06,0.864,2019
108,ocean eyes,Billie Eilish,2161774,28,2018,07,06,0.157,2016
110,Congratulations,Post Malone,2151437,28,2018,07,06,0.492,2016
164,X,Nicky Jam,1605316,28,2018,07,06,0.694,2019
186,Africa,TOTO,1520720,28,2018,07,06,0.732,1982
187,Closer,The Chainsmokers,1517227,28,2018,07,06,0.661,2016
192,X,Nicky Jam,1485592,28,2018,07,06,0.694,2019
54,I Fall Apart,Post Malone,3197985,29,2018,07,13,0.291,2016
69,Simple,Florida Georgia Line,2718285,29,2018,07,13,0.864,2019
82,ocean eyes,Billie Eilish,2516951,29,2018,07,13,0.157,2016
88,X,Nicky Jam,2353737,29,2018,07,13,0.694,2019
109,Congratulations,Post Malone,2119606,29,2018,07,13,0.492,2016
126,goosebumps,Travis Scott,1975717,29,2018,07,13,0.442,2016
184,Redbone,Childish Gambino,1541058,29,2018,07,13,0.572,2016
198,Closer,The Chainsmokers,1491556,29,2018,07,13,0.661,2016
39,you should see me in a crown,Billie Eilish,3607980,30,2018,07,20,0.323,2019
52,I Fall Apart,Post Malone,3199118,30,2018,07,20,0.291,2016
79,Simple,Florida Georgia Line,2429893,30,2018,07,20,0.864,2019
80,ocean eyes,Billie Eilish,2384048,30,2018,07,20,0.157,2016
83,X,Nicky Jam,2319980,30,2018,07,20,0.694,2019
111,goosebumps,Travis Scott,1980811,30,2018,07,20,0.442,2016
144,Africa,TOTO,1686806,30,2018,07,20,0.732,1982
193,Redbone,Childish Gambino,1449514,30,2018,07,20,0.572,2016
194,Closer,The Chainsmokers,1447163,30,2018,07,20,0.661,2016
33,you should see me in a crown,Billie Eilish,3811438,31,2018,07,27,0.323,2019
45,I Fall Apart,Post Malone,3277363,31,2018,07,27,0.291,2016
76,Simple,Florida Georgia Line,2346935,31,2018,07,27,0.864,2019
87,Congratulations,Post Malone,2085408,31,2018,07,27,0.492,2016
91,X,Nicky Jam,2041264,31,2018,07,27,0.694,2019
94,goosebumps,Travis Scott,2035797,31,2018,07,27,0.442,2016
145,ocean eyes,Billie Eilish,1637209,31,2018,07,27,0.157,2016
146,Africa,TOTO,1637113,31,2018,07,27,0.732,1982
178,Closer,The Chainsmokers,1465584,31,2018,07,27,0.661,2016
191,Redbone,Childish Gambino,1388610,31,2018,07,27,0.572,2016
194,No Role Modelz,J. Cole,1381772,31,2018,07,27,0.463,2014
55,I Fall Apart,Post Malone,3098686,32,2018,08,03,0.291,2016
59,you should see me in a crown,Billie Eilish,2897742,32,2018,08,03,0.323,2019
77,goosebumps,Travis Scott,2417486,32,2018,08,03,0.442,2016
100,Congratulations,Post Malone,2091523,32,2018,08,03,0.492,2016
110,Simple,Florida Georgia Line,1996300,32,2018,08,03,0.864,2019
146,X,Nicky Jam,1737556,32,2018,08,03,0.694,2019
161,Africa,TOTO,1625560,32,2018,08,03,0.732,1982
167,Could've Been,H.E.R.,1573012,32,2018,08,03,0.407,2019
179,ocean eyes,Billie Eilish,1518750,32,2018,08,03,0.157,2016
194,Closer,The Chainsmokers,1434140,32,2018,08,03,0.661,2016
72,you should see me in a crown,Billie Eilish,2616355,33,2018,08,10,0.323,2019
106,Thunderclouds,Sia,2159178,33,2018,08,10,0.489,2019
113,goosebumps,Travis Scott,2105181,33,2018,08,10,0.442,2016
114,Congratulations,Post Malone,2094713,33,2018,08,10,0.492,2016
154,X,Nicky Jam,1704522,33,2018,08,10,0.694,2019
169,Africa,TOTO,1644401,33,2018,08,10,0.732,1982
200,Leave Me Alone,Flipp Dinero,1450319,33,2018,08,10,0.742,2019
53,I Fall Apart,Post Malone,3214597,34,2018,08,17,0.291,2016
105,Congratulations,Post Malone,2155058,34,2018,08,17,0.492,2016
115,goosebumps,Travis Scott,2038313,34,2018,08,17,0.442,2016
120,you should see me in a crown,Billie Eilish,1957944,34,2018,08,17,0.323,2019
135,Simple,Florida Georgia Line,1853490,34,2018,08,17,0.864,2019
166,Leave Me Alone,Flipp Dinero,1638689,34,2018,08,17,0.742,2019
168,ocean eyes,Billie Eilish,1618862,34,2018,08,17,0.157,2016
175,Africa,TOTO,1586537,34,2018,08,17,0.732,1982
45,I Fall Apart,Post Malone,3350992,35,2018,08,24,0.291,2016
102,Congratulations,Post Malone,2178189,35,2018,08,24,0.492,2016
111,goosebumps,Travis Scott,2024740,35,2018,08,24,0.442,2016
122,Leave Me Alone,Flipp Dinero,1921153,35,2018,08,24,0.742,2019
123,Thunderclouds,Sia,1918316,35,2018,08,24,0.489,2019
127,you should see me in a crown,Billie Eilish,1849045,35,2018,08,24,0.323,2019
143,Simple,Florida Georgia Line,1766118,35,2018,08,24,0.864,2019
174,Africa,TOTO,1568305,35,2018,08,24,0.732,1982
176,ocean eyes,Billie Eilish,1564602,35,2018,08,24,0.157,2016
27,Em Calls Paul - Skit,Eminem,5415229,36,2018,08,31,0.177,2004
57,I Fall Apart,Post Malone,3121937,36,2018,08,31,0.291,2016
74,Thunderclouds,Sia,2526849,36,2018,08,31,0.489,2019
79,Leave Me Alone,Flipp Dinero,2429770,36,2018,08,31,0.742,2019
107,Congratulations,Post Malone,2073790,36,2018,08,31,0.492,2016
118,goosebumps,Travis Scott,1944880,36,2018,08,31,0.442,2016
127,Simple,Florida Georgia Line,1908762,36,2018,08,31,0.864,2019
156,you should see me in a crown,Billie Eilish,1670042,36,2018,08,31,0.323,2019
169,Africa,TOTO,1594983,36,2018,08,31,0.732,1982
53,Thunderclouds,Sia,3215699,37,2018,09,07,0.489,2019
56,I Fall Apart,Post Malone,3096446,37,2018,09,07,0.291,2016
60,Leave Me Alone,Flipp Dinero,2958341,37,2018,09,07,0.742,2019
69,Weekend,Mac Miller,2711372,37,2018,09,07,0.19,2015
73,Donald Trump,Mac Miller,2652091,37,2018,09,07,0.836,2011
114,Congratulations,Post Malone,2033680,37,2018,09,07,0.492,2016
128,goosebumps,Travis Scott,1947006,37,2018,09,07,0.442,2016
144,Em Calls Paul - Skit,Eminem,1778590,37,2018,09,07,0.177,2004
148,Simple,Florida Georgia Line,1755314,37,2018,09,07,0.864,2019
177,Africa,TOTO,1590660,37,2018,09,07,0.732,1982
50,Thunderclouds,Sia,3443247,38,2018,09,14,0.489,2019
55,Leave Me Alone,Flipp Dinero,3272291,38,2018,09,14,0.742,2019
61,I Fall Apart,Post Malone,3088194,38,2018,09,14,0.291,2016
109,Congratulations,Post Malone,2047592,38,2018,09,14,0.492,2016
187,Africa,TOTO,1575843,38,2018,09,14,0.732,1982
188,Mariners Apartment Complex,Lana Del Rey,1573512,38,2018,09,14,0.185,2019
200,No Role Modelz,J. Cole,1517705,38,2018,09,14,0.463,2014
33,Leave Me Alone,Flipp Dinero,3929272,39,2018,09,21,0.742,2019
56,I Fall Apart,Post Malone,3049110,39,2018,09,21,0.291,2016
58,Thunderclouds,Sia,2954815,39,2018,09,21,0.489,2019
86,September,"Earth, Wind & Fire",2323947,39,2018,09,21,0.979,1978
97,Congratulations,Post Malone,2099590,39,2018,09,21,0.492,2016
115,goosebumps,Travis Scott,1970687,39,2018,09,21,0.442,2016
173,Africa,TOTO,1569583,39,2018,09,21,0.732,1982
182,No Role Modelz,J. Cole,1521132,39,2018,09,21,0.463,2014
187,ocean eyes,Billie Eilish,1492626,39,2018,09,21,0.157,2016
198,Say You Won't Let Go,James Arthur,1438406,39,2018,09,21,0.494,2016
11,Taki Taki,DJ Snake,8169588,40,2018,09,28,0.617,2019
51,Leave Me Alone,Flipp Dinero,3903995,40,2018,09,28,0.742,2019
81,I Fall Apart,Post Malone,2958758,40,2018,09,28,0.291,2016
98,Thunderclouds,Sia,2566185,40,2018,09,28,0.489,2019
122,Congratulations,Post Malone,2057319,40,2018,09,28,0.492,2016
144,Simple,Florida Georgia Line,1869635,40,2018,09,28,0.864,2019
198,Africa,TOTO,1528832,40,2018,09,28,0.732,1982
12,Taki Taki,DJ Snake,7546445,41,2018,10,05,0.617,2019
35,Leave Me Alone,Flipp Dinero,4053352,41,2018,10,05,0.742,2019
65,I Fall Apart,Post Malone,3044571,41,2018,10,05,0.291,2016
107,Thunderclouds,Sia,2279045,41,2018,10,05,0.489,2019
115,Sweet but Psycho,Ava Max,2151129,41,2018,10,05,0.62,2020
119,Congratulations,Post Malone,2096315,41,2018,10,05,0.492,2016
139,goosebumps,Travis Scott,1934694,41,2018,10,05,0.442,2016
186,Simple,Florida Georgia Line,1606255,41,2018,10,05,0.864,2019
7,Taki Taki,DJ Snake,7894134,42,2018,10,12,0.617,2019
34,Leave Me Alone,Flipp Dinero,4101023,42,2018,10,12,0.742,2019
77,Sweet but Psycho,Ava Max,2552454,42,2018,10,12,0.62,2020
98,Congratulations,Post Malone,2173587,42,2018,10,12,0.492,2016
108,Thunderclouds,Sia,2033485,42,2018,10,12,0.489,2019
124,goosebumps,Travis Scott,1936207,42,2018,10,12,0.442,2016
153,when the party's over,Billie Eilish,1661688,42,2018,10,12,0.198,2019
155,Head Above Water,Avril Lavigne,1660107,42,2018,10,12,0.268,2019
191,Africa,TOTO,1462576,42,2018,10,12,0.732,1982
192,Say You Won't Let Go,James Arthur,1460562,42,2018,10,12,0.494,2016
193,ocean eyes,Billie Eilish,1457937,42,2018,10,12,0.157,2016
195,No Role Modelz,J. Cole,1439926,42,2018,10,12,0.463,2014
10,Taki Taki,DJ Snake,7655889,43,2018,10,19,0.617,2019
13,when the party's over,Billie Eilish,6923703,43,2018,10,19,0.198,2019
33,Leave Me Alone,Flipp Dinero,4375693,43,2018,10,19,0.742,2019
60,I Fall Apart,Post Malone,3110120,43,2018,10,19,0.291,2016
68,Sweet but Psycho,Ava Max,2916661,43,2018,10,19,0.62,2020
104,Congratulations,Post Malone,2223949,43,2018,10,19,0.492,2016
127,goosebumps,Travis Scott,2011087,43,2018,10,19,0.442,2016
175,ocean eyes,Billie Eilish,1646927,43,2018,10,19,0.157,2016
183,Head Above Water,Avril Lavigne,1601028,43,2018,10,19,0.268,2019
9,Taki Taki,DJ Snake,7524821,44,2018,10,26,0.617,2019
13,when the party's over,Billie Eilish,6419730,44,2018,10,26,0.198,2019
26,Leave Me Alone,Flipp Dinero,4624010,44,2018,10,26,0.742,2019
57,I Fall Apart,Post Malone,3056451,44,2018,10,26,0.291,2016
70,Thriller,Michael Jackson,2744901,44,2018,10,26,0.813,1982
95,Ghostbusters,Ray Parker Jr.,2216330,44,2018,10,26,0.729,1993
96,Congratulations,Post Malone,2193312,44,2018,10,26,0.492,2016
109,goosebumps,Travis Scott,2054576,44,2018,10,26,0.442,2016
148,ocean eyes,Billie Eilish,1732256,44,2018,10,26,0.157,2016
165,Highway to Hell,AC/DC,1633236,44,2018,10,26,0.423,1979
168,Bohemian Rhapsody - Remastered 2011,Queen,1624838,44,2018,10,26,0.228,1975
194,Monster Mash,"Bobby ""Boris"" Pickett",1492086,44,2018,10,26,0.707,1962
1,"thank u, next",Ariana Grande,22461370,45,2018,11,02,0.412,2019
10,Taki Taki,DJ Snake,6676190,45,2018,11,02,0.617,2019
14,when the party's over,Billie Eilish,6223972,45,2018,11,02,0.198,2019
25,Leave Me Alone,Flipp Dinero,4980922,45,2018,11,02,0.742,2019
51,Bohemian Rhapsody - Remastered 2011,Queen,3367322,45,2018,11,02,0.228,1975
57,I Fall Apart,Post Malone,3092639,45,2018,11,02,0.291,2016
61,Sweet but Psycho,Ava Max,3001808,45,2018,11,02,0.62,2020
106,Congratulations,Post Malone,2160307,45,2018,11,02,0.492,2016
117,goosebumps,Travis Scott,2020857,45,2018,11,02,0.442,2016
118,Another One Bites The Dust - Remastered 2011,Queen,2013567,45,2018,11,02,0.756,1980
132,Somebody To Love - Remastered 2011,Queen,1883456,45,2018,11,02,0.358,1976
136,All I Want for Christmas Is You,Mariah Carey,1867808,45,2018,11,02,0.35,1994
139,ocean eyes,Billie Eilish,1839502,45,2018,11,02,0.157,2016
141,Don't Stop Me Now - Remastered 2011,Queen,1822655,45,2018,11,02,0.601,1978
154,Under Pressure - Remastered 2011,Queen,1691025,45,2018,11,02,0.466,1982
190,We Will Rock You - Remastered,Queen,1500969,45,2018,11,02,0.473,1977
192,you should see me in a crown,Billie Eilish,1498710,45,2018,11,02,0.323,2019
200,Say You Won't Let Go,James Arthur,1467599,45,2018,11,02,0.494,2016
1,"thank u, next",Ariana Grande,23636303,46,2018,11,09,0.412,2019
15,when the party's over,Billie Eilish,5836555,46,2018,11,09,0.198,2019
19,Taki Taki,DJ Snake,5555669,46,2018,11,09,0.617,2019
24,Leave Me Alone,Flipp Dinero,5031462,46,2018,11,09,0.742,2019
44,Bohemian Rhapsody - Remastered 2011,Queen,3630467,46,2018,11,09,0.228,1975
60,I Fall Apart,Post Malone,2998447,46,2018,11,09,0.291,2016
65,All I Want for Christmas Is You,Mariah Carey,2908829,46,2018,11,09,0.35,1994
81,Sweet but Psycho,Ava Max,2543308,46,2018,11,09,0.62,2020
107,Another One Bites The Dust - Remastered 2011,Queen,2167176,46,2018,11,09,0.756,1980
115,ocean eyes,Billie Eilish,2105891,46,2018,11,09,0.157,2016
120,Don't Stop Me Now - Remastered 2011,Queen,2059167,46,2018,11,09,0.601,1978
122,Congratulations,Post Malone,2039205,46,2018,11,09,0.492,2016
124,goosebumps,Travis Scott,2018908,46,2018,11,09,0.442,2016
126,Somebody To Love - Remastered 2011,Queen,2015982,46,2018,11,09,0.358,1976
153,Under Pressure - Remastered 2011,Queen,1764905,46,2018,11,09,0.466,1982
164,you should see me in a crown,Billie Eilish,1677583,46,2018,11,09,0.323,2019
182,Rockin' Around The Christmas Tree - Single Version,Brenda Lee,1565496,46,2018,11,09,0.898,1999
186,Killer Queen - Remastered 2011,Queen,1532522,46,2018,11,09,0.61,1974
193,Simple,Florida Georgia Line,1500916,46,2018,11,09,0.864,2019
195,We Will Rock You - Remastered,Queen,1490229,46,2018,11,09,0.473,1977
1,"thank u, next",Ariana Grande,16452520,47,2018,11,16,0.412,2019
12,when the party's over,Billie Eilish,5851588,47,2018,11,16,0.198,2019
17,Taki Taki,DJ Snake,5345972,47,2018,11,16,0.617,2019
20,Leave Me Alone,Flipp Dinero,5278639,47,2018,11,16,0.742,2019
36,All I Want for Christmas Is You,Mariah Carey,3768913,47,2018,11,16,0.35,1994
55,I Fall Apart,Post Malone,3067341,47,2018,11,16,0.291,2016
78,ocean eyes,Billie Eilish,2526300,47,2018,11,16,0.157,2016
82,Rockin' Around The Christmas Tree - Single Version,Brenda Lee,2449810,47,2018,11,16,0.898,1999
92,Jingle Bell Rock,Bobby Helms,2241167,47,2018,11,16,0.806,1957
95,Sweet but Psycho,Ava Max,2195638,47,2018,11,16,0.62,2020
102,goosebumps,Travis Scott,2116885,47,2018,11,16,0.442,2016
103,Congratulations,Post Malone,2111868,47,2018,11,16,0.492,2016
105,It's the Most Wonderful Time of the Year,Andy Williams,2109766,47,2018,11,16,0.721,1953
106,Santa Tell Me,Ariana Grande,2101961,47,2018,11,16,0.591,2014
111,Another One Bites The Dust - Remastered 2011,Queen,2047125,47,2018,11,16,0.756,1980
112,Don't Stop Me Now - Remastered 2011,Queen,2043761,47,2018,11,16,0.601,1978
116,you should see me in a crown,Billie Eilish,1973666,47,2018,11,16,0.323,2019
121,Somebody To Love - Remastered 2011,Queen,1947481,47,2018,11,16,0.358,1976
122,Last Christmas,Wham!,1938138,47,2018,11,16,0.947,1984
143,Mistletoe,Justin Bieber,1757794,47,2018,11,16,0.854,2011
154,It's Beginning to Look a Lot like Christmas,Michael Bublé,1686851,47,2018,11,16,0.363,2011
157,Under Pressure - Remastered 2011,Queen,1670926,47,2018,11,16,0.466,1982
169,Let It Snow! Let It Snow! Let It Snow!,Frank Sinatra,1592219,47,2018,11,16,0.851,1945
184,Killer Queen - Remastered 2011,Queen,1519409,47,2018,11,16,0.61,1974
191,Closer,The Chainsmokers,1498250,47,2018,11,16,0.661,2016
195,Simple,Florida Georgia Line,1484196,47,2018,11,16,0.864,2019
196,Lose It,Kane Brown,1483565,47,2018,11,16,0.436,2019
198,Say You Won't Let Go,James Arthur,1481539,47,2018,11,16,0.494,2016
200,A Holly Jolly Christmas - Single Version,Burl Ives,1479358,47,2018,11,16,0.888,1965
1,"thank u, next",Ariana Grande,12871255,48,2018,11,23,0.412,2019
12,when the party's over,Billie Eilish,5508934,48,2018,11,23,0.198,2019
13,All I Want for Christmas Is You,Mariah Carey,5434887,48,2018,11,23,0.35,1994
16,Leave Me Alone,Flipp Dinero,5166280,48,2018,11,23,0.742,2019
24,Taki Taki,DJ Snake,4562028,48,2018,11,23,0.617,2019
27,Rockin' Around The Christmas Tree - Single Version,Brenda Lee,4301078,48,2018,11,23,0.898,1999
29,Jingle Bell Rock,Bobby Helms,4218309,48,2018,11,23,0.806,1957
33,Santa Tell Me,Ariana Grande,3918460,48,2018,11,23,0.591,2014
35,It's the Most Wonderful Time of the Year,Andy Williams,3832859,48,2018,11,23,0.721,1953
54,Bohemian Rhapsody - Remastered 2011,Queen,3091331,48,2018,11,23,0.228,1975
59,It's Beginning to Look a Lot like Christmas,Michael Bublé,2961238,48,2018,11,23,0.363,2011
60,A Holly Jolly Christmas - Single Version,Burl Ives,2896141,48,2018,11,23,0.888,1965
61,Let It Snow! Let It Snow! Let It Snow!,Frank Sinatra,2888915,48,2018,11,23,0.851,1945
62,Last Christmas,Wham!,2885619,48,2018,11,23,0.947,1984
66,I Fall Apart,Post Malone,2832120,48,2018,11,23,0.291,2016
69,Do They Know It's Christmas? - 1984 Version,Band Aid,2771919,48,2018,11,23,0.349,2004
74,Holly Jolly Christmas,Michael Bublé,2709987,48,2018,11,23,0.699,2011
75,The Christmas Song,Nat King Cole,2678780,48,2018,11,23,0.183,1962
76,White Christmas,Bing Crosby,2665641,48,2018,11,23,0.247,1942
80,ocean eyes,Billie Eilish,2613745,48,2018,11,23,0.157,2016
87,Mistletoe,Justin Bieber,2489842,48,2018,11,23,0.854,2011
107,Blue Christmas,Elvis Presley,2139224,48,2018,11,23,0.58,1957
111,Underneath the Tree,Kelly Clarkson,2100571,48,2018,11,23,0.689,2013
112,Have Yourself A Merry Little Christmas,Sam Smith,2092887,48,2018,11,23,0.344,2014
118,you should see me in a crown,Billie Eilish,1991356,48,2018,11,23,0.323,2019
120,goosebumps,Travis Scott,1978310,48,2018,11,23,0.442,2016
121,Congratulations,Post Malone,1962943,48,2018,11,23,0.492,2016
130,Happy Xmas,John Lennon,1887577,48,2018,11,23,0.414,2010
134,Sweet but Psycho,Ava Max,1869409,48,2018,11,23,0.62,2020
135,Santa Baby,Ariana Grande,1855809,48,2018,11,23,0.777,2013
137,"Baby, It's Cold Outside",Brett Eldredge,1850224,48,2018,11,23,0.684,2016
138,Don't Stop Me Now - Remastered 2011,Queen,1847015,48,2018,11,23,0.601,1978
140,Another One Bites The Dust - Remastered 2011,Queen,1830417,48,2018,11,23,0.756,1980
141,Somebody To Love - Remastered 2011,Queen,1827648,48,2018,11,23,0.358,1976
143,Santa Baby,Eartha Kitt,1806136,48,2018,11,23,0.468,2011
158,Run Rudolph Run - Single Version,Chuck Berry,1703985,48,2018,11,23,0.957,1986
165,Let It Snow! Let It Snow! Let It Snow!,Dean Martin,1656488,48,2018,11,23,0.701,1959
180,Carol of the Bells,Mykola Dmytrovych Leontovych,1580131,48,2018,11,23,0.284,1960
185,Santa Claus Is Coming to Town,Michael Bublé,1564029,48,2018,11,23,0.396,2012
188,Sleigh Ride,The Ronettes,1512693,48,2018,11,23,0.853,1963
189,Under Pressure - Remastered 2011,Queen,1510084,48,2018,11,23,0.466,1982
200,Here Comes Santa Claus,Gene Autry,1450945,48,2018,11,23,0.978,1951
1,"thank u, next",Ariana Grande,17110866,49,2018,11,30,0.412,2019
11,All I Want for Christmas Is You,Mariah Carey,6890163,49,2018,11,30,0.35,1994
16,when the party's over,Billie Eilish,5426933,49,2018,11,30,0.198,2019
20,Santa Tell Me,Ariana Grande,5369424,49,2018,11,30,0.591,2014
21,Jingle Bell Rock,Bobby Helms,5344165,49,2018,11,30,0.806,1957
23,Leave Me Alone,Flipp Dinero,5223586,49,2018,11,30,0.742,2019
25,Rockin' Around The Christmas Tree,Brenda Lee,5081640,49,2018,11,30,0.898,1964
31,It's the Most Wonderful Time of the Year,Andy Williams,4572463,49,2018,11,30,0.721,1953
32,Taki Taki,DJ Snake,4567241,49,2018,11,30,0.617,2019
45,It's Beginning to Look a Lot like Christmas,Michael Bublé,3863720,49,2018,11,30,0.363,2011
48,A Holly Jolly Christmas - Single Version,Burl Ives,3711407,49,2018,11,30,0.888,1965
53,Last Christmas,Wham!,3628548,49,2018,11,30,0.947,1984
56,Let It Snow! Let It Snow! Let It Snow!,Frank Sinatra,3546746,49,2018,11,30,0.851,1945
58,Mistletoe,Justin Bieber,3476331,49,2018,11,30,0.854,2011
59,Do They Know It's Christmas? - 1984 Version,Band Aid,3447341,49,2018,11,30,0.349,2004
69,White Christmas,Bing Crosby,3122914,49,2018,11,30,0.247,1942
76,I Fall Apart,Post Malone,2948611,49,2018,11,30,0.291,2016
84,Underneath the Tree,Kelly Clarkson,2873869,49,2018,11,30,0.689,2013
89,Holly Jolly Christmas,Michael Bublé,2808908,49,2018,11,30,0.699,2011
90,Bohemian Rhapsody - Remastered 2011,Queen,2800636,49,2018,11,30,0.228,1975
102,"Baby, It's Cold Outside",Brett Eldredge,2634244,49,2018,11,30,0.684,2016
103,Have Yourself A Merry Little Christmas,Sam Smith,2627645,49,2018,11,30,0.344,2014
106,ocean eyes,Billie Eilish,2575923,49,2018,11,30,0.157,2016
112,Feliz Navidad,José Feliciano,2487692,49,2018,11,30,0.963,2002
127,Happy Xmas,John Lennon,2370030,49,2018,11,30,0.414,2010
132,Let It Snow! Let It Snow! Let It Snow!,Dean Martin,2308836,49,2018,11,30,0.701,1959
146,Run Rudolph Run - Single Version,Chuck Berry,2114757,49,2018,11,30,0.957,1986
151,goosebumps,Travis Scott,2094541,49,2018,11,30,0.442,2016
155,Santa Baby,Eartha Kitt,2073424,49,2018,11,30,0.468,2011
156,Sleigh Ride,The Ronettes,2037879,49,2018,11,30,0.853,1963
157,Congratulations,Post Malone,2031944,49,2018,11,30,0.492,2016
172,you should see me in a crown,Billie Eilish,1915601,49,2018,11,30,0.323,2019
176,Carol of the Bells,Mykola Dmytrovych Leontovych,1877702,49,2018,11,30,0.284,1960
180,Santa Claus Is Coming to Town,Michael Bublé,1863049,49,2018,11,30,0.396,2012
183,Sweet but Psycho,Ava Max,1833568,49,2018,11,30,0.62,2020
188,Christmas,Mariah Carey,1797104,49,2018,11,30,0.704,1994
194,"Merry Christmas, Happy Holidays",*NSYNC,1770897,49,2018,11,30,0.756,1998
15,All I Want for Christmas Is You,Mariah Carey,6194555,50,2018,12,07,0.35,1994
16,Leave Me Alone,Flipp Dinero,5994578,50,2018,12,07,0.742,2019
18,Jingle Bell Rock,Bobby Helms,5432899,50,2018,12,07,0.806,1957
22,Rockin' Around The Christmas Tree,Brenda Lee,5160808,50,2018,12,07,0.898,1964
29,It's the Most Wonderful Time of the Year,Andy Williams,4768477,50,2018,12,07,0.721,1953
33,when the party's over,Billie Eilish,4561031,50,2018,12,07,0.198,2019
36,Last Christmas,Wham!,4419082,50,2018,12,07,0.947,1984
38,Santa Tell Me,Ariana Grande,4320189,50,2018,12,07,0.591,2014
41,Taki Taki,DJ Snake,4081064,50,2018,12,07,0.617,2019
43,It's Beginning to Look a Lot like Christmas,Michael Bublé,3926357,50,2018,12,07,0.363,2011
45,A Holly Jolly Christmas - Single Version,Burl Ives,3890049,50,2018,12,07,0.888,1965
51,Do They Know It's Christmas? - 1984 Version,Band Aid,3621194,50,2018,12,07,0.349,2004
54,Let It Snow! Let It Snow! Let It Snow!,Frank Sinatra,3588113,50,2018,12,07,0.851,1945
59,Mistletoe,Justin Bieber,3497120,50,2018,12,07,0.854,2011
60,The Christmas Song,Nat King Cole,3495366,50,2018,12,07,0.183,1962
64,White Christmas,Bing Crosby,3302662,50,2018,12,07,0.247,1942
92,It's Beginning to Look a Lot Like Christmas,Perry Como,2738807,50,2018,12,07,0.718,1999
94,Blue Christmas,Elvis Presley,2712792,50,2018,12,07,0.58,1957
97,Feliz Navidad,José Feliciano,2668079,50,2018,12,07,0.963,2002
100,Holly Jolly Christmas,Michael Bublé,2626121,50,2018,12,07,0.699,2011
103,Happy Xmas,John Lennon,2564030,50,2018,12,07,0.414,2010
104,Bohemian Rhapsody - Remastered 2011,Queen,2560698,50,2018,12,07,0.228,1975
107,ocean eyes,Billie Eilish,2519024,50,2018,12,07,0.157,2016
125,Let It Snow! Let It Snow! Let It Snow!,Dean Martin,2283705,50,2018,12,07,0.701,1959
126,Underneath the Tree,Kelly Clarkson,2259785,50,2018,12,07,0.689,2013
128,Sleigh Ride,The Ronettes,2241130,50,2018,12,07,0.853,1963
131,Have Yourself A Merry Little Christmas,Sam Smith,2231585,50,2018,12,07,0.344,2014
133,Santa Baby,Ariana Grande,2184084,50,2018,12,07,0.777,2013
134,Christmas,Mariah Carey,2171992,50,2018,12,07,0.704,1994
137,Congratulations,Post Malone,2127582,50,2018,12,07,0.492,2016
138,Santa Baby,Eartha Kitt,2127130,50,2018,12,07,0.468,2011
143,goosebumps,Travis Scott,2078721,50,2018,12,07,0.442,2016
161,Santa Claus Is Coming to Town,Michael Bublé,1952913,50,2018,12,07,0.396,2012
163,Carol of the Bells,Mykola Dmytrovych Leontovych,1949592,50,2018,12,07,0.284,1960
176,"Baby, It's Cold Outside",Dean Martin,1838417,50,2018,12,07,0.537,1959
177,Joy To The World,Nat King Cole,1828633,50,2018,12,07,0.662,1962
178,you should see me in a crown,Billie Eilish,1794052,50,2018,12,07,0.323,2019
184,Jingle Bell Rock - Daryl's Version,Daryl Hall & John Oates,1779385,50,2018,12,07,0.84,1983
191,Sweet but Psycho,Ava Max,1707983,50,2018,12,07,0.62,2020
193,Here Comes Santa Claus,Gene Autry,1701962,50,2018,12,07,0.978,1951
2,"thank u, next",Ariana Grande,11776847,51,2018,12,14,0.412,2019
7,imagine,Ariana Grande,8639817,51,2018,12,14,0.371,2019
10,All I Want for Christmas Is You,Mariah Carey,6774332,51,2018,12,14,0.35,1994
11,Leave Me Alone,Flipp Dinero,6619217,51,2018,12,14,0.742,2019
16,Jingle Bell Rock,Bobby Helms,5727401,51,2018,12,14,0.806,1957
17,Rockin' Around The Christmas Tree,Brenda Lee,5634360,51,2018,12,14,0.898,1964
19,Santa Tell Me,Ariana Grande,5226225,51,2018,12,14,0.591,2014
20,It's the Most Wonderful Time of the Year,Andy Williams,5101604,51,2018,12,14,0.721,1953
23,Last Christmas,Wham!,4807043,51,2018,12,14,0.947,1984
29,when the party's over,Billie Eilish,4502328,51,2018,12,14,0.198,2019
32,It's Beginning to Look a Lot like Christmas,Michael Bublé,4244370,51,2018,12,14,0.363,2011
35,Taki Taki,DJ Snake,4140759,51,2018,12,14,0.617,2019
36,A Holly Jolly Christmas - Single Version,Burl Ives,4063135,51,2018,12,14,0.888,1965
40,Do They Know It's Christmas? - 1984 Version,Band Aid,3927591,51,2018,12,14,0.349,2004
43,The Christmas Song,Nat King Cole,3777949,51,2018,12,14,0.183,1962
46,Mistletoe,Justin Bieber,3728575,51,2018,12,14,0.854,2011
47,Let It Snow! Let It Snow! Let It Snow!,Frank Sinatra,3693838,51,2018,12,14,0.851,1945
53,White Christmas,Bing Crosby,3454217,51,2018,12,14,0.247,1942
65,I Fall Apart,Post Malone,3138947,51,2018,12,14,0.291,2016
69,It's Beginning to Look a Lot Like Christmas,Perry Como,3024222,51,2018,12,14,0.718,1999
70,Splashin,Rich The Kid,3013186,51,2018,12,14,0.379,2019
73,Happy Xmas,John Lennon,2937564,51,2018,12,14,0.414,2010
77,Blue Christmas,Elvis Presley,2912326,51,2018,12,14,0.58,1957
79,Holly Jolly Christmas,Michael Bublé,2878342,51,2018,12,14,0.699,2011
80,Feliz Navidad,José Feliciano,2869880,51,2018,12,14,0.963,2002
85,"Baby, It's Cold Outside",Brett Eldredge,2754682,51,2018,12,14,0.684,2016
92,Run Rudolph Run - Single Version,Chuck Berry,2608119,51,2018,12,14,0.957,1986
95,Underneath the Tree,Kelly Clarkson,2576654,51,2018,12,14,0.689,2013
97,Have Yourself A Merry Little Christmas,Sam Smith,2553178,51,2018,12,14,0.344,2014
104,Sleigh Ride,The Ronettes,2495772,51,2018,12,14,0.853,1963
108,Bohemian Rhapsody - Remastered 2011,Queen,2464309,51,2018,12,14,0.228,1975
109,Let It Snow! Let It Snow! Let It Snow!,Dean Martin,2460733,51,2018,12,14,0.701,1959
113,Santa Baby,Ariana Grande,2425133,51,2018,12,14,0.777,2013
118,Sweet but Psycho,Ava Max,2323557,51,2018,12,14,0.62,2020
119,ocean eyes,Billie Eilish,2302927,51,2018,12,14,0.157,2016
120,Christmas,Mariah Carey,2294736,51,2018,12,14,0.704,1994
129,Congratulations,Post Malone,2176374,51,2018,12,14,0.492,2016
134,Santa Baby,Eartha Kitt,2143646,51,2018,12,14,0.468,2011
139,goosebumps,Travis Scott,2112842,51,2018,12,14,0.442,2016
140,Santa Claus Is Coming to Town,Michael Bublé,2088152,51,2018,12,14,0.396,2012
142,Carol of the Bells,Mykola Dmytrovych Leontovych,2050021,51,2018,12,14,0.284,1960
159,Joy To The World,Nat King Cole,1949240,51,2018,12,14,0.662,1962
161,Jingle Bell Rock - Daryl's Version,Daryl Hall & John Oates,1939818,51,2018,12,14,0.84,1983
165,"Baby, It's Cold Outside",Dean Martin,1923165,51,2018,12,14,0.537,1959
175,Mistletoe And Holly - Remastered 1999,Frank Sinatra,1853950,51,2018,12,14,0.341,1957
185,Here Comes Santa Claus,Gene Autry,1770531,51,2018,12,14,0.978,1951
191,Winter Wonderland,Tony Bennett,1725141,51,2018,12,14,0.566,1936
192,"Santa Claus Is Comin' to Town - Live at C.W. Post College, Greenvale, NY - December 1975",Bruce Springsteen,1723598,51,2018,12,14,0.407,1981
193,"Merry Christmas, Happy Holidays",*NSYNC,1715615,51,2018,12,14,0.756,1998
196,What Christmas Means To Me,Stevie Wonder,1703896,51,2018,12,14,0.768,2004
199,Little Saint Nick - 1991 Remix,The Beach Boys,1685100,51,2018,12,14,0.971,1964
2,"thank u, next",Ariana Grande,9226168,52,2018,12,21,0.412,2019
7,Wow.,Post Malone,8254924,52,2018,12,21,0.388,2019
10,Rockin' Around The Christmas Tree,Brenda Lee,7906671,52,2018,12,21,0.898,1964
12,Jingle Bell Rock,Bobby Helms,7722902,52,2018,12,21,0.806,1957
14,It's the Most Wonderful Time of the Year,Andy Williams,7062102,52,2018,12,21,0.721,1953
15,Santa Tell Me,Ariana Grande,6855213,52,2018,12,21,0.591,2014
16,Last Christmas,Wham!,6398797,52,2018,12,21,0.947,1984
18,Leave Me Alone,Flipp Dinero,5995586,52,2018,12,21,0.742,2019
19,It's Beginning to Look a Lot like Christmas,Michael Bublé,5732509,52,2018,12,21,0.363,2011
22,Do They Know It's Christmas? - 1984 Version,Band Aid,5516090,52,2018,12,21,0.349,2004
23,A Holly Jolly Christmas - Single Version,Burl Ives,5470734,52,2018,12,21,0.888,1965
24,The Christmas Song,Nat King Cole,5402082,52,2018,12,21,0.183,1962
26,imagine,Ariana Grande,5205506,52,2018,12,21,0.371,2019
31,White Christmas,Bing Crosby,4905843,52,2018,12,21,0.247,1942
32,Mistletoe,Justin Bieber,4796595,52,2018,12,21,0.854,2011
37,It's Beginning to Look a Lot Like Christmas,Perry Como,4471858,52,2018,12,21,0.718,1999
38,Happy Xmas,John Lennon,4436701,52,2018,12,21,0.414,2010
42,Feliz Navidad,José Feliciano,4263135,52,2018,12,21,0.963,2002
44,Blue Christmas,Elvis Presley,4143284,52,2018,12,21,0.58,1957
48,when the party's over,Billie Eilish,3894519,52,2018,12,21,0.198,2019
50,"Baby, It's Cold Outside",Brett Eldredge,3814791,52,2018,12,21,0.684,2016
51,Run Rudolph Run - Single Version,Chuck Berry,3814018,52,2018,12,21,0.957,1986
53,Holly Jolly Christmas,Michael Bublé,3784654,52,2018,12,21,0.699,2011
55,Underneath the Tree,Kelly Clarkson,3764018,52,2018,12,21,0.689,2013
58,Have Yourself A Merry Little Christmas,Sam Smith,3647682,52,2018,12,21,0.344,2014
60,Sleigh Ride,The Ronettes,3593663,52,2018,12,21,0.853,1963
61,Let It Snow! Let It Snow! Let It Snow!,Dean Martin,3592765,52,2018,12,21,0.701,1959
62,Taki Taki,DJ Snake,3571257,52,2018,12,21,0.617,2019
75,Christmas,Mariah Carey,3290853,52,2018,12,21,0.704,1994
80,Santa Baby,Ariana Grande,3071413,52,2018,12,21,0.777,2013
85,Santa Baby,Eartha Kitt,2994947,52,2018,12,21,0.468,2011
86,Santa Claus Is Coming to Town,Michael Bublé,2992930,52,2018,12,21,0.396,2012
87,I Fall Apart,Post Malone,2951634,52,2018,12,21,0.291,2016
94,Joy To The World,Nat King Cole,2864758,52,2018,12,21,0.662,1962
95,Carol of the Bells,Mykola Dmytrovych Leontovych,2842946,52,2018,12,21,0.284,1960
99,"Baby, It's Cold Outside",Dean Martin,2781582,52,2018,12,21,0.537,1959
100,Jingle Bell Rock - Daryl's Version,Daryl Hall & John Oates,2779605,52,2018,12,21,0.84,1983
101,Splashin,Rich The Kid,2763746,52,2018,12,21,0.379,2019
102,Mistletoe And Holly - Remastered 1999,Frank Sinatra,2713903,52,2018,12,21,0.341,1957
116,Winter Wonderland,Tony Bennett,2518717,52,2018,12,21,0.566,1936
117,"Santa Claus Is Comin' to Town - Live at C.W. Post College, Greenvale, NY - December 1975",Bruce Springsteen,2517839,52,2018,12,21,0.407,1981
119,Here Comes Santa Claus,Gene Autry,2486932,52,2018,12,21,0.978,1951
126,What Christmas Means To Me,Stevie Wonder,2390465,52,2018,12,21,0.768,2004
130,Sleigh Ride,Carpenters,2340306,52,2018,12,21,0.552,1978
131,Santa Claus Is Coming To Town,The Jackson 5,2338387,52,2018,12,21,0.961,1970
134,Mele Kalikimaka,Bing Crosby,2308499,52,2018,12,21,0.62,1945
136,Rudolph The Red-Nosed Reindeer,Burl Ives,2290091,52,2018,12,21,0.806,1965
138,Sweet but Psycho,Ava Max,2222305,52,2018,12,21,0.62,2020
141,"Merry Christmas, Happy Holidays",*NSYNC,2203998,52,2018,12,21,0.756,1998
143,Bohemian Rhapsody - Remastered 2011,Queen,2198373,52,2018,12,21,0.228,1975
144,Silver Bells,Dean Martin,2196785,52,2018,12,21,0.606,1966
147,Christmas Time Is Here - Vocal,Vince Guaraldi Trio,2166182,52,2018,12,21,0.0911,1965
159,Congratulations,Post Malone,2064724,52,2018,12,21,0.492,2016
162,ocean eyes,Billie Eilish,1996530,52,2018,12,21,0.157,2016
165,Fairytale of New York,The Pogues,1977495,52,2018,12,21,0.428,1988
168,Rudolph The Red-Nosed Reindeer,Dean Martin,1962047,52,2018,12,21,0.857,1959
171,The First Noel - Remastered 1999,Frank Sinatra,1937929,52,2018,12,21,0.157,1957
174,goosebumps,Travis Scott,1932887,52,2018,12,21,0.442,2016
178,Christmas,Darlene Love,1898614,52,2018,12,21,0.36,1963
185,I'll Be Home,Meghan Trainor,1882042,52,2018,12,21,0.292,2014
188,I'll Be Home for Christmas,Michael Bublé,1865760,52,2018,12,21,0.141,2011
194,Christmas Lights,Coldplay,1823653,52,2018,12,21,0.237,2010
195,Driving Home for Christmas,Chris Rea,1822180,52,2018,12,21,0.894,2007
200,I Saw Mommy Kissing Santa Claus,The Jackson 5,1798617,52,2018,12,21,0.614,1970
